"HITId","HITTypeId","Title","Description","Keywords","Reward","CreationTime","MaxAssignments","RequesterAnnotation","AssignmentDurationInSeconds","AutoApprovalDelayInSeconds","Expiration","NumberOfSimilarHITs","LifetimeInSeconds","AssignmentId","WorkerId","AssignmentStatus","AcceptTime","SubmitTime","AutoApprovalTime","ApprovalTime","RejectionTime","RequesterFeedback","WorkTimeInSeconds","LifetimeApprovalRate","Last30DaysApprovalRate","Last7DaysApprovalRate","Input.INDEPENDENT_VARIABLE","Answer.1100_again","Answer.1100_enc","Answer.1300_again","Answer.1300_enc","Answer.intel","Approve","Reject"
"30EV7DWJTUUE1QZ29QCW4SSWQNCY61","3SICSBU6ZYL84ST5A65C2GIMFQT0PD","New Game Rating Scheme","Answer 5 questions about the rating system of a new game.","survey, demographics, game, rating, short, easy","$0.25","Sat Oct 31 11:35:08 PDT 2015","10","BatchId:2143885;","3600","259200","Tue Nov 03 10:35:08 PST 2015","","","33C7UALJVLY62H5HGI7NZ39XE1I81V","A3RR85PK3AV9TU","Approved","Sat Oct 31 13:50:53 PDT 2015","Sat Oct 31 13:58:33 PDT 2015","Tue Nov 03 12:58:33 PST 2015","Sat Oct 31 15:50:32 PDT 2015","","","460","100% (1/1)","100% (1/1)","100% (1/1)","Kindness Rating","3","2","3","4","1"
"30EV7DWJTUUE1QZ29QCW4SSWQNCY61","3SICSBU6ZYL84ST5A65C2GIMFQT0PD","New Game Rating Scheme","Answer 5 questions about the rating system of a new game.","survey, demographics, game, rating, short, easy","$0.25","Sat Oct 31 11:35:08 PDT 2015","10","BatchId:2143885;","3600","259200","Tue Nov 03 10:35:08 PST 2015","","","382M9COHEHF3KF66V9372FAG01AUEC","A1NM7ZPZ3NH412","Approved","Sat Oct 31 12:09:34 PDT 2015","Sat Oct 31 12:13:01 PDT 2015","Tue Nov 03 11:13:01 PST 2015","Sat Oct 31 15:50:33 PDT 2015","","","207","100% (10/10)","100% (10/10)","100% (10/10)","Kindness Rating","2","3","3","4","1"
"30EV7DWJTUUE1QZ29QCW4SSWQNCY61","3SICSBU6ZYL84ST5A65C2GIMFQT0PD","New Game Rating Scheme","Answer 5 questions about the rating system of a new game.","survey, demographics, game, rating, short, easy","$0.25","Sat Oct 31 11:35:08 PDT 2015","10","BatchId:2143885;","3600","259200","Tue Nov 03 10:35:08 PST 2015","","","3E4GGUZ1T8RXM3PE8B44URST17N2KM","A2WQ3ZGXUF5FHO","Approved","Sat Oct 31 12:19:02 PDT 2015","Sat Oct 31 12:31:15 PDT 2015","Tue Nov 03 11:31:15 PST 2015","Sat Oct 31 15:50:33 PDT 2015","","","733","100% (10/10)","100% (10/10)","100% (10/10)","Kindness Rating","3","3","4","4","1"
"30EV7DWJTUUE1QZ29QCW4SSWQNCY61","3SICSBU6ZYL84ST5A65C2GIMFQT0PD","New Game Rating Scheme","Answer 5 questions about the rating system of a new game.","survey, demographics, game, rating, short, easy","$0.25","Sat Oct 31 11:35:08 PDT 2015","10","BatchId:2143885;","3600","259200","Tue Nov 03 10:35:08 PST 2015","","","3FE2ERCCZX8C41BZ8179XLHVWMNPOE","A2B8HPIZDKYKDR","Approved","Sat Oct 31 11:54:07 PDT 2015","Sat Oct 31 11:54:24 PDT 2015","Tue Nov 03 10:54:24 PST 2015","Sat Oct 31 15:50:33 PDT 2015","","","17","100% (10/10)","100% (10/10)","100% (10/10)","Kindness Rating","5","1","2","4","1"
"30EV7DWJTUUE1QZ29QCW4SSWQNCY61","3SICSBU6ZYL84ST5A65C2GIMFQT0PD","New Game Rating Scheme","Answer 5 questions about the rating system of a new game.","survey, demographics, game, rating, short, easy","$0.25","Sat Oct 31 11:35:08 PDT 2015","10","BatchId:2143885;","3600","259200","Tue Nov 03 10:35:08 PST 2015","","","3KIBXJ1WD5UBTAEJV92114VW2CHOKC","A149ROBL26JWPJ","Approved","Sat Oct 31 11:42:06 PDT 2015","Sat Oct 31 11:42:37 PDT 2015","Tue Nov 03 10:42:37 PST 2015","Sat Oct 31 15:50:33 PDT 2015","","","31","100% (1/1)","100% (1/1)","100% (1/1)","Kindness Rating","2","3","4","4","2"
"30EV7DWJTUUE1QZ29QCW4SSWQNCY61","3SICSBU6ZYL84ST5A65C2GIMFQT0PD","New Game Rating Scheme","Answer 5 questions about the rating system of a new game.","survey, demographics, game, rating, short, easy","$0.25","Sat Oct 31 11:35:08 PDT 2015","10","BatchId:2143885;","3600","259200","Tue Nov 03 10:35:08 PST 2015","","","3NPI0JQDAO5SHTG74IT8RVNIVU4TP4","A1GKEEI844CEKI","Approved","Sat Oct 31 11:38:32 PDT 2015","Sat Oct 31 11:39:17 PDT 2015","Tue Nov 03 10:39:17 PST 2015","Sat Oct 31 15:50:33 PDT 2015","","","45","100% (10/10)","100% (10/10)","100% (10/10)","Kindness Rating","4","3","4","4","1"
"30EV7DWJTUUE1QZ29QCW4SSWQNCY61","3SICSBU6ZYL84ST5A65C2GIMFQT0PD","New Game Rating Scheme","Answer 5 questions about the rating system of a new game.","survey, demographics, game, rating, short, easy","$0.25","Sat Oct 31 11:35:08 PDT 2015","10","BatchId:2143885;","3600","259200","Tue Nov 03 10:35:08 PST 2015","","","3OCHAWUVGOKYNJSBW0PXKHMPEGNKXE","A2MOSNEX4E7G1P","Approved","Sat Oct 31 11:51:18 PDT 2015","Sat Oct 31 11:51:55 PDT 2015","Tue Nov 03 10:51:55 PST 2015","Sat Oct 31 15:50:33 PDT 2015","","","37","100% (1/1)","100% (1/1)","100% (1/1)","Kindness Rating","4","3","4","4","3"
"30EV7DWJTUUE1QZ29QCW4SSWQNCY61","3SICSBU6ZYL84ST5A65C2GIMFQT0PD","New Game Rating Scheme","Answer 5 questions about the rating system of a new game.","survey, demographics, game, rating, short, easy","$0.25","Sat Oct 31 11:35:08 PDT 2015","10","BatchId:2143885;","3600","259200","Tue Nov 03 10:35:08 PST 2015","","","3S06PH7KSR4IJC18XQI3LVNYPSB1DQ","A38DC3BG1ZCVZ2","Approved","Sat Oct 31 11:36:27 PDT 2015","Sat Oct 31 11:53:45 PDT 2015","Tue Nov 03 10:53:45 PST 2015","Sat Oct 31 15:50:33 PDT 2015","","","1038","100% (10/10)","100% (10/10)","100% (10/10)","Kindness Rating","4","3","4","3","1"
"30EV7DWJTUUE1QZ29QCW4SSWQNCY61","3SICSBU6ZYL84ST5A65C2GIMFQT0PD","New Game Rating Scheme","Answer 5 questions about the rating system of a new game.","survey, demographics, game, rating, short, easy","$0.25","Sat Oct 31 11:35:08 PDT 2015","10","BatchId:2143885;","3600","259200","Tue Nov 03 10:35:08 PST 2015","","","3SKEMFQBZ3588IR3OSD54I5WN7D8KT","A301GNFG8W711Q","Approved","Sat Oct 31 11:39:31 PDT 2015","Sat Oct 31 11:40:11 PDT 2015","Tue Nov 03 10:40:11 PST 2015","Sat Oct 31 15:50:34 PDT 2015","","","40","100% (10/10)","100% (10/10)","100% (10/10)","Kindness Rating","5","2","3","5","1"
"30EV7DWJTUUE1QZ29QCW4SSWQNCY61","3SICSBU6ZYL84ST5A65C2GIMFQT0PD","New Game Rating Scheme","Answer 5 questions about the rating system of a new game.","survey, demographics, game, rating, short, easy","$0.25","Sat Oct 31 11:35:08 PDT 2015","10","BatchId:2143885;","3600","259200","Tue Nov 03 10:35:08 PST 2015","","","3TMFV4NEP8EZ3ILKD6W8STZRAEM8WP","A3ASF4ZVP6BUGO","Approved","Sat Oct 31 11:44:23 PDT 2015","Sat Oct 31 11:44:42 PDT 2015","Tue Nov 03 10:44:42 PST 2015","Sat Oct 31 15:50:34 PDT 2015","","","19","100% (1/1)","100% (1/1)","100% (1/1)","Kindness Rating","4","2","4","4","1"
"3ZQA3IO31AQ70QU3XXRH753D42XO1I","3SICSBU6ZYL84ST5A65C2GIMFQT0PD","New Game Rating Scheme","Answer 5 questions about the rating system of a new game.","survey, demographics, game, rating, short, easy","$0.25","Sat Oct 31 11:35:08 PDT 2015","10","BatchId:2143885;","3600","259200","Tue Nov 03 10:35:08 PST 2015","","","36DSNE9QZ5YGIQ81DO2P0PVJNNIJO9","A1NM7ZPZ3NH412","Approved","Sat Oct 31 12:09:34 PDT 2015","Sat Oct 31 12:12:48 PDT 2015","Tue Nov 03 11:12:48 PST 2015","Sat Oct 31 15:50:43 PDT 2015","","","194","100% (10/10)","100% (10/10)","100% (10/10)","Random Rating","3","3","4","4","2"
"3ZQA3IO31AQ70QU3XXRH753D42XO1I","3SICSBU6ZYL84ST5A65C2GIMFQT0PD","New Game Rating Scheme","Answer 5 questions about the rating system of a new game.","survey, demographics, game, rating, short, easy","$0.25","Sat Oct 31 11:35:08 PDT 2015","10","BatchId:2143885;","3600","259200","Tue Nov 03 10:35:08 PST 2015","","","39KFRKBFINV6DF30ZO3SACA70RTYOK","A6U5ZHN5Y953Q","Approved","Sat Oct 31 12:58:30 PDT 2015","Sat Oct 31 12:58:53 PDT 2015","Tue Nov 03 11:58:53 PST 2015","Sat Oct 31 15:50:43 PDT 2015","","","23","100% (1/1)","100% (1/1)","100% (1/1)","Random Rating","4","3","4","","2"
"3ZQA3IO31AQ70QU3XXRH753D42XO1I","3SICSBU6ZYL84ST5A65C2GIMFQT0PD","New Game Rating Scheme","Answer 5 questions about the rating system of a new game.","survey, demographics, game, rating, short, easy","$0.25","Sat Oct 31 11:35:08 PDT 2015","10","BatchId:2143885;","3600","259200","Tue Nov 03 10:35:08 PST 2015","","","3G5F9DBFOPXFH4M8Q0LIJ49C6OCVHJ","A2WQ3ZGXUF5FHO","Approved","Sat Oct 31 12:18:43 PDT 2015","Sat Oct 31 12:25:26 PDT 2015","Tue Nov 03 11:25:26 PST 2015","Sat Oct 31 15:50:43 PDT 2015","","","403","100% (10/10)","100% (10/10)","100% (10/10)","Random Rating","3","3","3","3","1"
"3ZQA3IO31AQ70QU3XXRH753D42XO1I","3SICSBU6ZYL84ST5A65C2GIMFQT0PD","New Game Rating Scheme","Answer 5 questions about the rating system of a new game.","survey, demographics, game, rating, short, easy","$0.25","Sat Oct 31 11:35:08 PDT 2015","10","BatchId:2143885;","3600","259200","Tue Nov 03 10:35:08 PST 2015","","","3G5W44VEU7IN1XXL7QPTWVMUBQTGKK","A11NPNK8885N99","Approved","Sat Oct 31 13:08:55 PDT 2015","Sat Oct 31 13:10:23 PDT 2015","Tue Nov 03 12:10:23 PST 2015","Sat Oct 31 15:50:43 PDT 2015","","","88","100% (1/1)","100% (1/1)","100% (1/1)","Random Rating","4","2","3","4","4"
"3ZQA3IO31AQ70QU3XXRH753D42XO1I","3SICSBU6ZYL84ST5A65C2GIMFQT0PD","New Game Rating Scheme","Answer 5 questions about the rating system of a new game.","survey, demographics, game, rating, short, easy","$0.25","Sat Oct 31 11:35:08 PDT 2015","10","BatchId:2143885;","3600","259200","Tue Nov 03 10:35:08 PST 2015","","","3KV0LJBBH2L9GB628DWLACS524WMRO","A2B8HPIZDKYKDR","Approved","Sat Oct 31 11:55:19 PDT 2015","Sat Oct 31 11:55:36 PDT 2015","Tue Nov 03 10:55:36 PST 2015","Sat Oct 31 15:50:43 PDT 2015","","","17","100% (10/10)","100% (10/10)","100% (10/10)","Random Rating","1","3","1","3","1"
"3ZQA3IO31AQ70QU3XXRH753D42XO1I","3SICSBU6ZYL84ST5A65C2GIMFQT0PD","New Game Rating Scheme","Answer 5 questions about the rating system of a new game.","survey, demographics, game, rating, short, easy","$0.25","Sat Oct 31 11:35:08 PDT 2015","10","BatchId:2143885;","3600","259200","Tue Nov 03 10:35:08 PST 2015","","","3NKQQ8O39Y5YS9S6ZESNWXSV0PADU3","A2I8VBHRESMG9S","Approved","Sat Oct 31 12:28:14 PDT 2015","Sat Oct 31 12:29:07 PDT 2015","Tue Nov 03 11:29:07 PST 2015","Sat Oct 31 15:50:43 PDT 2015","","","53","100% (2/2)","100% (2/2)","100% (2/2)","Random Rating","4","2","5","4","1"
"3ZQA3IO31AQ70QU3XXRH753D42XO1I","3SICSBU6ZYL84ST5A65C2GIMFQT0PD","New Game Rating Scheme","Answer 5 questions about the rating system of a new game.","survey, demographics, game, rating, short, easy","$0.25","Sat Oct 31 11:35:08 PDT 2015","10","BatchId:2143885;","3600","259200","Tue Nov 03 10:35:08 PST 2015","","","3NLZY2D53PPPYS9HVM66593B6D4LQK","A301GNFG8W711Q","Approved","Sat Oct 31 11:42:13 PDT 2015","Sat Oct 31 11:42:50 PDT 2015","Tue Nov 03 10:42:50 PST 2015","Sat Oct 31 15:50:44 PDT 2015","","","37","100% (10/10)","100% (10/10)","100% (10/10)","Random Rating","2","3","2","3","1"
"3ZQA3IO31AQ70QU3XXRH753D42XO1I","3SICSBU6ZYL84ST5A65C2GIMFQT0PD","New Game Rating Scheme","Answer 5 questions about the rating system of a new game.","survey, demographics, game, rating, short, easy","$0.25","Sat Oct 31 11:35:08 PDT 2015","10","BatchId:2143885;","3600","259200","Tue Nov 03 10:35:08 PST 2015","","","3QBD8R3Z21JQF8PGAHFLUN605QTO4O","A2HM35CWB7IIFM","Approved","Sat Oct 31 12:21:32 PDT 2015","Sat Oct 31 12:22:26 PDT 2015","Tue Nov 03 11:22:26 PST 2015","Sat Oct 31 15:50:44 PDT 2015","","","54","100% (5/5)","100% (5/5)","100% (5/5)","Random Rating","5","2","4","4","3"
"3ZQA3IO31AQ70QU3XXRH753D42XO1I","3SICSBU6ZYL84ST5A65C2GIMFQT0PD","New Game Rating Scheme","Answer 5 questions about the rating system of a new game.","survey, demographics, game, rating, short, easy","$0.25","Sat Oct 31 11:35:08 PDT 2015","10","BatchId:2143885;","3600","259200","Tue Nov 03 10:35:08 PST 2015","","","3X3OR7WPZZ0JSO9L9SP6JIIBC7I8LW","A1GKEEI844CEKI","Approved","Sat Oct 31 11:40:07 PDT 2015","Sat Oct 31 11:40:30 PDT 2015","Tue Nov 03 10:40:30 PST 2015","Sat Oct 31 15:50:44 PDT 2015","","","23","100% (10/10)","100% (10/10)","100% (10/10)","Random Rating","3","3","4","4","1"
"3ZQA3IO31AQ70QU3XXRH753D42XO1I","3SICSBU6ZYL84ST5A65C2GIMFQT0PD","New Game Rating Scheme","Answer 5 questions about the rating system of a new game.","survey, demographics, game, rating, short, easy","$0.25","Sat Oct 31 11:35:08 PDT 2015","10","BatchId:2143885;","3600","259200","Tue Nov 03 10:35:08 PST 2015","","","3YHH42UU5BF1AZ4IEOCRQ3CTT960L1","A38DC3BG1ZCVZ2","Approved","Sat Oct 31 11:36:33 PDT 2015","Sat Oct 31 11:55:46 PDT 2015","Tue Nov 03 10:55:46 PST 2015","Sat Oct 31 15:50:44 PDT 2015","","","1153","100% (10/10)","100% (10/10)","100% (10/10)","Random Rating","3","3","3","3","1"
"3VGET1QSZZYTGLI7DZZ0P97CAQW7WA","3SICSBU6ZYL84ST5A65C2GIMFQT0PD","New Game Rating Scheme","Answer 5 questions about the rating system of a new game.","survey, demographics, game, rating, short, easy","$0.25","Sat Oct 31 11:35:09 PDT 2015","10","BatchId:2143885;","3600","259200","Tue Nov 03 10:35:09 PST 2015","","","33UKMF9319KQ9L9ELZ2SW5OFKXPTT9","A1GKEEI844CEKI","Approved","Sat Oct 31 11:39:46 PDT 2015","Sat Oct 31 11:40:06 PDT 2015","Tue Nov 03 10:40:06 PST 2015","Sat Oct 31 15:50:42 PDT 2015","","","20","100% (10/10)","100% (10/10)","100% (10/10)","Intelligence Rating","1","1","5","5","5"
"3VGET1QSZZYTGLI7DZZ0P97CAQW7WA","3SICSBU6ZYL84ST5A65C2GIMFQT0PD","New Game Rating Scheme","Answer 5 questions about the rating system of a new game.","survey, demographics, game, rating, short, easy","$0.25","Sat Oct 31 11:35:09 PDT 2015","10","BatchId:2143885;","3600","259200","Tue Nov 03 10:35:09 PST 2015","","","36ZN444YTRYKNFOVV6HPOOGJA8SOI1","A323WW03VM8089","Approved","Sat Oct 31 11:41:09 PDT 2015","Sat Oct 31 11:41:36 PDT 2015","Tue Nov 03 10:41:36 PST 2015","Sat Oct 31 15:50:42 PDT 2015","","","27","100% (1/1)","100% (1/1)","100% (1/1)","Intelligence Rating","4","2","5","4","4"
"3VGET1QSZZYTGLI7DZZ0P97CAQW7WA","3SICSBU6ZYL84ST5A65C2GIMFQT0PD","New Game Rating Scheme","Answer 5 questions about the rating system of a new game.","survey, demographics, game, rating, short, easy","$0.25","Sat Oct 31 11:35:09 PDT 2015","10","BatchId:2143885;","3600","259200","Tue Nov 03 10:35:09 PST 2015","","","39O5D9O87TS4ON99KY1BPIKD2CC3CJ","A38DC3BG1ZCVZ2","Approved","Sat Oct 31 11:35:40 PDT 2015","Sat Oct 31 11:36:04 PDT 2015","Tue Nov 03 10:36:04 PST 2015","Sat Oct 31 11:38:59 PDT 2015","","","24","100% (10/10)","100% (10/10)","100% (10/10)","Intelligence Rating","2","2","4","4","4"
"3VGET1QSZZYTGLI7DZZ0P97CAQW7WA","3SICSBU6ZYL84ST5A65C2GIMFQT0PD","New Game Rating Scheme","Answer 5 questions about the rating system of a new game.","survey, demographics, game, rating, short, easy","$0.25","Sat Oct 31 11:35:09 PDT 2015","10","BatchId:2143885;","3600","259200","Tue Nov 03 10:35:09 PST 2015","","","39RP059MEHTM04PDCGAVAXN1KITBM0","AUZBKS5UI3MXB","Approved","Sat Oct 31 11:40:54 PDT 2015","Sat Oct 31 11:41:36 PDT 2015","Tue Nov 03 10:41:36 PST 2015","Sat Oct 31 15:50:42 PDT 2015","","","42","100% (1/1)","100% (1/1)","100% (1/1)","Intelligence Rating","3","2","5","4","2"
"3VGET1QSZZYTGLI7DZZ0P97CAQW7WA","3SICSBU6ZYL84ST5A65C2GIMFQT0PD","New Game Rating Scheme","Answer 5 questions about the rating system of a new game.","survey, demographics, game, rating, short, easy","$0.25","Sat Oct 31 11:35:09 PDT 2015","10","BatchId:2143885;","3600","259200","Tue Nov 03 10:35:09 PST 2015","","","3AQF3RZ558IAOIG1U2PA4RH09G7F6D","A301GNFG8W711Q","Approved","Sat Oct 31 11:42:58 PDT 2015","Sat Oct 31 11:43:48 PDT 2015","Tue Nov 03 10:43:48 PST 2015","Sat Oct 31 15:50:42 PDT 2015","","","50","100% (10/10)","100% (10/10)","100% (10/10)","Intelligence Rating","4","2","4","4","5"
"3VGET1QSZZYTGLI7DZZ0P97CAQW7WA","3SICSBU6ZYL84ST5A65C2GIMFQT0PD","New Game Rating Scheme","Answer 5 questions about the rating system of a new game.","survey, demographics, game, rating, short, easy","$0.25","Sat Oct 31 11:35:09 PDT 2015","10","BatchId:2143885;","3600","259200","Tue Nov 03 10:35:09 PST 2015","","","3HHRAGRYX85RCEVSRCBCBVHGRI8O9L","A1RDQFNF6LD25Z","Approved","Sat Oct 31 13:04:02 PDT 2015","Sat Oct 31 13:04:22 PDT 2015","Tue Nov 03 12:04:22 PST 2015","Sat Oct 31 15:50:42 PDT 2015","","","20","100% (1/1)","100% (1/1)","100% (1/1)","Intelligence Rating","3","2","5","5","4"
"3VGET1QSZZYTGLI7DZZ0P97CAQW7WA","3SICSBU6ZYL84ST5A65C2GIMFQT0PD","New Game Rating Scheme","Answer 5 questions about the rating system of a new game.","survey, demographics, game, rating, short, easy","$0.25","Sat Oct 31 11:35:09 PDT 2015","10","BatchId:2143885;","3600","259200","Tue Nov 03 10:35:09 PST 2015","","","3JWH6J9I9SDSIMADOHPVNCC1P85NBE","A1NM7ZPZ3NH412","Approved","Sat Oct 31 12:08:31 PDT 2015","Sat Oct 31 12:08:57 PDT 2015","Tue Nov 03 11:08:57 PST 2015","Sat Oct 31 15:50:42 PDT 2015","","","26","100% (10/10)","100% (10/10)","100% (10/10)","Intelligence Rating","4","2","4","4","4"
"3VGET1QSZZYTGLI7DZZ0P97CAQW7WA","3SICSBU6ZYL84ST5A65C2GIMFQT0PD","New Game Rating Scheme","Answer 5 questions about the rating system of a new game.","survey, demographics, game, rating, short, easy","$0.25","Sat Oct 31 11:35:09 PDT 2015","10","BatchId:2143885;","3600","259200","Tue Nov 03 10:35:09 PST 2015","","","3NLZY2D53PPPYS9HVM66593B6D5QLQ","A2B8HPIZDKYKDR","Approved","Sat Oct 31 11:54:53 PDT 2015","Sat Oct 31 11:55:07 PDT 2015","Tue Nov 03 10:55:07 PST 2015","Sat Oct 31 15:50:42 PDT 2015","","","14","100% (10/10)","100% (10/10)","100% (10/10)","Intelligence Rating","5","1","3","5","5"
"3VGET1QSZZYTGLI7DZZ0P97CAQW7WA","3SICSBU6ZYL84ST5A65C2GIMFQT0PD","New Game Rating Scheme","Answer 5 questions about the rating system of a new game.","survey, demographics, game, rating, short, easy","$0.25","Sat Oct 31 11:35:09 PDT 2015","10","BatchId:2143885;","3600","259200","Tue Nov 03 10:35:09 PST 2015","","","3OE22WJIGIOSHIWB40Y7WWZUJ4XQUJ","A16TESTJICU76L","Approved","Sat Oct 31 11:39:41 PDT 2015","Sat Oct 31 11:40:02 PDT 2015","Tue Nov 03 10:40:02 PST 2015","Sat Oct 31 15:50:43 PDT 2015","","","21","100% (1/1)","100% (1/1)","100% (1/1)","Intelligence Rating","2","3","3","3","4"
"3VGET1QSZZYTGLI7DZZ0P97CAQW7WA","3SICSBU6ZYL84ST5A65C2GIMFQT0PD","New Game Rating Scheme","Answer 5 questions about the rating system of a new game.","survey, demographics, game, rating, short, easy","$0.25","Sat Oct 31 11:35:09 PDT 2015","10","BatchId:2143885;","3600","259200","Tue Nov 03 10:35:09 PST 2015","","","3RXPCZQMQPBLVWBZZGJBRGQV2KSG1G","A2WQ3ZGXUF5FHO","Approved","Sat Oct 31 12:19:07 PDT 2015","Sat Oct 31 12:32:46 PDT 2015","Tue Nov 03 11:32:46 PST 2015","Sat Oct 31 15:50:43 PDT 2015","","","819","100% (10/10)","100% (10/10)","100% (10/10)","Intelligence Rating","3","1","5","5","5"
"37Y5RYYI0O4UOJ7PB7TXMJHF66FSXB","3SICSBU6ZYL84ST5A65C2GIMFQT0PD","New Game Rating Scheme","Answer 5 questions about the rating system of a new game.","survey, demographics, game, rating, short, easy","$0.25","Sat Oct 31 11:35:09 PDT 2015","10","BatchId:2143885;","3600","259200","Tue Nov 03 10:35:09 PST 2015","","","3CTOC39K37Q9XKG2W2LNP39OXY9J7K","A2I8VBHRESMG9S","Approved","Sat Oct 31 12:29:12 PDT 2015","Sat Oct 31 12:29:46 PDT 2015","Tue Nov 03 11:29:46 PST 2015","Sat Oct 31 15:50:38 PDT 2015","","","34","100% (2/2)","100% (2/2)","100% (2/2)","Comprehension Rating","4","2","5","5","5"
"37Y5RYYI0O4UOJ7PB7TXMJHF66FSXB","3SICSBU6ZYL84ST5A65C2GIMFQT0PD","New Game Rating Scheme","Answer 5 questions about the rating system of a new game.","survey, demographics, game, rating, short, easy","$0.25","Sat Oct 31 11:35:09 PDT 2015","10","BatchId:2143885;","3600","259200","Tue Nov 03 10:35:09 PST 2015","","","3DQQ64TANGLK9AK1ZNYJEFUHZOOPWS","A1I20G9FII2FN5","Approved","Sat Oct 31 12:53:30 PDT 2015","Sat Oct 31 12:54:56 PDT 2015","Tue Nov 03 11:54:56 PST 2015","Sat Oct 31 15:50:38 PDT 2015","","","86","100% (1/1)","100% (1/1)","100% (1/1)","Comprehension Rating","3","2","3","4","3"
"37Y5RYYI0O4UOJ7PB7TXMJHF66FSXB","3SICSBU6ZYL84ST5A65C2GIMFQT0PD","New Game Rating Scheme","Answer 5 questions about the rating system of a new game.","survey, demographics, game, rating, short, easy","$0.25","Sat Oct 31 11:35:09 PDT 2015","10","BatchId:2143885;","3600","259200","Tue Nov 03 10:35:09 PST 2015","","","3HPZF4IVNMT54Q6X9JU1FCGQBD9YCM","A2HM35CWB7IIFM","Approved","Sat Oct 31 12:23:19 PDT 2015","Sat Oct 31 12:23:47 PDT 2015","Tue Nov 03 11:23:47 PST 2015","Sat Oct 31 15:50:38 PDT 2015","","","28","100% (5/5)","100% (5/5)","100% (5/5)","Comprehension Rating","4","2","5","4","5"
"37Y5RYYI0O4UOJ7PB7TXMJHF66FSXB","3SICSBU6ZYL84ST5A65C2GIMFQT0PD","New Game Rating Scheme","Answer 5 questions about the rating system of a new game.","survey, demographics, game, rating, short, easy","$0.25","Sat Oct 31 11:35:09 PDT 2015","10","BatchId:2143885;","3600","259200","Tue Nov 03 10:35:09 PST 2015","","","3LS2AMNW5FQX4DCE8EMYXQ751I9QO6","A38DC3BG1ZCVZ2","Approved","Sat Oct 31 11:36:24 PDT 2015","Sat Oct 31 11:51:34 PDT 2015","Tue Nov 03 10:51:34 PST 2015","Sat Oct 31 15:50:38 PDT 2015","","","910","100% (10/10)","100% (10/10)","100% (10/10)","Comprehension Rating","4","2","4","4","2"
"37Y5RYYI0O4UOJ7PB7TXMJHF66FSXB","3SICSBU6ZYL84ST5A65C2GIMFQT0PD","New Game Rating Scheme","Answer 5 questions about the rating system of a new game.","survey, demographics, game, rating, short, easy","$0.25","Sat Oct 31 11:35:09 PDT 2015","10","BatchId:2143885;","3600","259200","Tue Nov 03 10:35:09 PST 2015","","","3NPFYT4IZC4TLXWS694IMPUW7Z6GX7","A1NM7ZPZ3NH412","Approved","Sat Oct 31 12:09:32 PDT 2015","Sat Oct 31 12:11:21 PDT 2015","Tue Nov 03 11:11:21 PST 2015","Sat Oct 31 15:50:38 PDT 2015","","","109","100% (10/10)","100% (10/10)","100% (10/10)","Comprehension Rating","4","3","4","4","4"
"37Y5RYYI0O4UOJ7PB7TXMJHF66FSXB","3SICSBU6ZYL84ST5A65C2GIMFQT0PD","New Game Rating Scheme","Answer 5 questions about the rating system of a new game.","survey, demographics, game, rating, short, easy","$0.25","Sat Oct 31 11:35:09 PDT 2015","10","BatchId:2143885;","3600","259200","Tue Nov 03 10:35:09 PST 2015","","","3P529IW9KYLS73J8H6VCTAZXZBVLFQ","A301GNFG8W711Q","Approved","Sat Oct 31 11:36:51 PDT 2015","Sat Oct 31 11:37:40 PDT 2015","Tue Nov 03 10:37:40 PST 2015","Sat Oct 31 15:50:38 PDT 2015","","","49","100% (10/10)","100% (10/10)","100% (10/10)","Comprehension Rating","4","3","4","4","4"
"37Y5RYYI0O4UOJ7PB7TXMJHF66FSXB","3SICSBU6ZYL84ST5A65C2GIMFQT0PD","New Game Rating Scheme","Answer 5 questions about the rating system of a new game.","survey, demographics, game, rating, short, easy","$0.25","Sat Oct 31 11:35:09 PDT 2015","10","BatchId:2143885;","3600","259200","Tue Nov 03 10:35:09 PST 2015","","","3R2UR8A0IAGHDADQUSHQRY3YYLXOX2","AHZPOM46IUJ2N","Approved","Sat Oct 31 12:06:39 PDT 2015","Sat Oct 31 12:07:34 PDT 2015","Tue Nov 03 11:07:34 PST 2015","Sat Oct 31 15:50:38 PDT 2015","","","55","100% (1/1)","100% (1/1)","100% (1/1)","Comprehension Rating","4","2","5","4","4"
"37Y5RYYI0O4UOJ7PB7TXMJHF66FSXB","3SICSBU6ZYL84ST5A65C2GIMFQT0PD","New Game Rating Scheme","Answer 5 questions about the rating system of a new game.","survey, demographics, game, rating, short, easy","$0.25","Sat Oct 31 11:35:09 PDT 2015","10","BatchId:2143885;","3600","259200","Tue Nov 03 10:35:09 PST 2015","","","3UOUJI6MTDECQFXNQETZQ4VNG7KUXK","A2B8HPIZDKYKDR","Approved","Sat Oct 31 11:53:13 PDT 2015","Sat Oct 31 11:53:40 PDT 2015","Tue Nov 03 10:53:40 PST 2015","Sat Oct 31 15:50:38 PDT 2015","","","27","100% (10/10)","100% (10/10)","100% (10/10)","Comprehension Rating","4","2","4","5","5"
"37Y5RYYI0O4UOJ7PB7TXMJHF66FSXB","3SICSBU6ZYL84ST5A65C2GIMFQT0PD","New Game Rating Scheme","Answer 5 questions about the rating system of a new game.","survey, demographics, game, rating, short, easy","$0.25","Sat Oct 31 11:35:09 PDT 2015","10","BatchId:2143885;","3600","259200","Tue Nov 03 10:35:09 PST 2015","","","3V5Q80FXIXRRQ5H7N5C5D5BRQL023A","A1GKEEI844CEKI","Approved","Sat Oct 31 11:41:39 PDT 2015","Sat Oct 31 11:42:01 PDT 2015","Tue Nov 03 10:42:01 PST 2015","Sat Oct 31 15:50:39 PDT 2015","","","22","100% (10/10)","100% (10/10)","100% (10/10)","Comprehension Rating","1","1","5","5","5"
"37Y5RYYI0O4UOJ7PB7TXMJHF66FSXB","3SICSBU6ZYL84ST5A65C2GIMFQT0PD","New Game Rating Scheme","Answer 5 questions about the rating system of a new game.","survey, demographics, game, rating, short, easy","$0.25","Sat Oct 31 11:35:09 PDT 2015","10","BatchId:2143885;","3600","259200","Tue Nov 03 10:35:09 PST 2015","","","3YOH7BII0976JUNGWLOFWWP4Y5GVKN","A2WQ3ZGXUF5FHO","Approved","Sat Oct 31 12:19:00 PDT 2015","Sat Oct 31 12:30:40 PDT 2015","Tue Nov 03 11:30:40 PST 2015","Sat Oct 31 15:50:39 PDT 2015","","","700","100% (10/10)","100% (10/10)","100% (10/10)","Comprehension Rating","3","1","5","5","4"
"31YWE12TEZB85LNXN4VMRSLJJS27X3","3SICSBU6ZYL84ST5A65C2GIMFQT0PD","New Game Rating Scheme","Answer 5 questions about the rating system of a new game.","survey, demographics, game, rating, short, easy","$0.25","Sat Oct 31 11:35:09 PDT 2015","10","BatchId:2143885;","3600","259200","Tue Nov 03 10:35:09 PST 2015","","","358010RM5ETC3UMNV434MQX6UEUXVD","AFIIFNK4FM7MZ","Approved","Sat Oct 31 12:36:39 PDT 2015","Sat Oct 31 12:37:22 PDT 2015","Tue Nov 03 11:37:22 PST 2015","Sat Oct 31 15:50:34 PDT 2015","","","43","100% (1/1)","100% (1/1)","100% (1/1)","Understanding Rating","3","3","4","4","4"
"31YWE12TEZB85LNXN4VMRSLJJS27X3","3SICSBU6ZYL84ST5A65C2GIMFQT0PD","New Game Rating Scheme","Answer 5 questions about the rating system of a new game.","survey, demographics, game, rating, short, easy","$0.25","Sat Oct 31 11:35:09 PDT 2015","10","BatchId:2143885;","3600","259200","Tue Nov 03 10:35:09 PST 2015","","","39GAF6DQWR04DT1UOBIXRHT5PZEV1I","A2B8HPIZDKYKDR","Approved","Sat Oct 31 11:54:25 PDT 2015","Sat Oct 31 11:54:38 PDT 2015","Tue Nov 03 10:54:38 PST 2015","Sat Oct 31 15:50:34 PDT 2015","","","13","100% (10/10)","100% (10/10)","100% (10/10)","Understanding Rating","4","1","4","4","4"
"31YWE12TEZB85LNXN4VMRSLJJS27X3","3SICSBU6ZYL84ST5A65C2GIMFQT0PD","New Game Rating Scheme","Answer 5 questions about the rating system of a new game.","survey, demographics, game, rating, short, easy","$0.25","Sat Oct 31 11:35:09 PDT 2015","10","BatchId:2143885;","3600","259200","Tue Nov 03 10:35:09 PST 2015","","","3DL65MZB8DF7YLP69II789OAT13ECM","A1NM7ZPZ3NH412","Approved","Sat Oct 31 12:09:33 PDT 2015","Sat Oct 31 12:11:56 PDT 2015","Tue Nov 03 11:11:56 PST 2015","Sat Oct 31 15:50:34 PDT 2015","","","143","100% (10/10)","100% (10/10)","100% (10/10)","Understanding Rating","4","3","4","4","3"
"31YWE12TEZB85LNXN4VMRSLJJS27X3","3SICSBU6ZYL84ST5A65C2GIMFQT0PD","New Game Rating Scheme","Answer 5 questions about the rating system of a new game.","survey, demographics, game, rating, short, easy","$0.25","Sat Oct 31 11:35:09 PDT 2015","10","BatchId:2143885;","3600","259200","Tue Nov 03 10:35:09 PST 2015","","","3GA6AFUKOOOV5VKP6QFC09HTF4HH36","A1GKEEI844CEKI","Approved","Sat Oct 31 11:42:18 PDT 2015","Sat Oct 31 11:42:36 PDT 2015","Tue Nov 03 10:42:36 PST 2015","Sat Oct 31 15:50:34 PDT 2015","","","18","100% (10/10)","100% (10/10)","100% (10/10)","Understanding Rating","2","2","5","5","4"
"31YWE12TEZB85LNXN4VMRSLJJS27X3","3SICSBU6ZYL84ST5A65C2GIMFQT0PD","New Game Rating Scheme","Answer 5 questions about the rating system of a new game.","survey, demographics, game, rating, short, easy","$0.25","Sat Oct 31 11:35:09 PDT 2015","10","BatchId:2143885;","3600","259200","Tue Nov 03 10:35:09 PST 2015","","","3KV0LJBBH2L9GB628DWLACS524XMRP","A2WQ3ZGXUF5FHO","Approved","Sat Oct 31 12:18:55 PDT 2015","Sat Oct 31 12:26:06 PDT 2015","Tue Nov 03 11:26:06 PST 2015","Sat Oct 31 15:50:34 PDT 2015","","","431","100% (10/10)","100% (10/10)","100% (10/10)","Understanding Rating","3","1","5","4","4"
"31YWE12TEZB85LNXN4VMRSLJJS27X3","3SICSBU6ZYL84ST5A65C2GIMFQT0PD","New Game Rating Scheme","Answer 5 questions about the rating system of a new game.","survey, demographics, game, rating, short, easy","$0.25","Sat Oct 31 11:35:09 PDT 2015","10","BatchId:2143885;","3600","259200","Tue Nov 03 10:35:09 PST 2015","","","3NQL1CS15R813ZCX00P6544FWKNVYG","A38DC3BG1ZCVZ2","Approved","Sat Oct 31 11:36:39 PDT 2015","Sat Oct 31 11:56:46 PDT 2015","Tue Nov 03 10:56:46 PST 2015","Sat Oct 31 15:50:35 PDT 2015","","","1207","100% (10/10)","100% (10/10)","100% (10/10)","Understanding Rating","4","2","4","4","2"
"31YWE12TEZB85LNXN4VMRSLJJS27X3","3SICSBU6ZYL84ST5A65C2GIMFQT0PD","New Game Rating Scheme","Answer 5 questions about the rating system of a new game.","survey, demographics, game, rating, short, easy","$0.25","Sat Oct 31 11:35:09 PDT 2015","10","BatchId:2143885;","3600","259200","Tue Nov 03 10:35:09 PST 2015","","","3PW9OPU9PQKVG23S01YMPCWUS1M21I","A301GNFG8W711Q","Approved","Sat Oct 31 11:41:29 PDT 2015","Sat Oct 31 11:42:05 PDT 2015","Tue Nov 03 10:42:05 PST 2015","Sat Oct 31 15:50:35 PDT 2015","","","36","100% (10/10)","100% (10/10)","100% (10/10)","Understanding Rating","4","2","4","4","5"
"31YWE12TEZB85LNXN4VMRSLJJS27X3","3SICSBU6ZYL84ST5A65C2GIMFQT0PD","New Game Rating Scheme","Answer 5 questions about the rating system of a new game.","survey, demographics, game, rating, short, easy","$0.25","Sat Oct 31 11:35:09 PDT 2015","10","BatchId:2143885;","3600","259200","Tue Nov 03 10:35:09 PST 2015","","","3Q5C1WP23M1NFZMFIK0KNJZ6CBF15K","A2HM35CWB7IIFM","Approved","Sat Oct 31 12:24:13 PDT 2015","Sat Oct 31 12:24:37 PDT 2015","Tue Nov 03 11:24:37 PST 2015","Sat Oct 31 15:50:35 PDT 2015","","","24","100% (5/5)","100% (5/5)","100% (5/5)","Understanding Rating","5","2","4","4","4"
"31YWE12TEZB85LNXN4VMRSLJJS27X3","3SICSBU6ZYL84ST5A65C2GIMFQT0PD","New Game Rating Scheme","Answer 5 questions about the rating system of a new game.","survey, demographics, game, rating, short, easy","$0.25","Sat Oct 31 11:35:09 PDT 2015","10","BatchId:2143885;","3600","259200","Tue Nov 03 10:35:09 PST 2015","","","3R08VXYT7CVV34G13142ET3WZUI7W3","A1VKHE5L6QVFUV","Approved","Sat Oct 31 12:15:42 PDT 2015","Sat Oct 31 12:16:37 PDT 2015","Tue Nov 03 11:16:37 PST 2015","Sat Oct 31 15:50:35 PDT 2015","","","55","100% (3/3)","100% (3/3)","100% (3/3)","Understanding Rating","2","2","4","3","4"
"31YWE12TEZB85LNXN4VMRSLJJS27X3","3SICSBU6ZYL84ST5A65C2GIMFQT0PD","New Game Rating Scheme","Answer 5 questions about the rating system of a new game.","survey, demographics, game, rating, short, easy","$0.25","Sat Oct 31 11:35:09 PDT 2015","10","BatchId:2143885;","3600","259200","Tue Nov 03 10:35:09 PST 2015","","","3VD82FOHKQOTAC2V3WL3DLIOX3CCOR","A26K8OELA8ZDI9","Approved","Sat Oct 31 13:13:24 PDT 2015","Sat Oct 31 13:13:53 PDT 2015","Tue Nov 03 12:13:53 PST 2015","Sat Oct 31 15:50:35 PDT 2015","","","29","100% (1/1)","100% (1/1)","100% (1/1)","Understanding Rating","4","2","4","4","4"
"34OWYT6U3VGFT9MV3FT52EPAQ5MI9Q","3SICSBU6ZYL84ST5A65C2GIMFQT0PD","New Game Rating Scheme","Answer 5 questions about the rating system of a new game.","survey, demographics, game, rating, short, easy","$0.25","Sat Oct 31 11:35:09 PDT 2015","10","BatchId:2143885;","3600","259200","Tue Nov 03 10:35:09 PST 2015","","","32AT8R96GL94UYBOW4NCRWEV1SLSUD","A3KOVCQYR8K3HY","Approved","Sat Oct 31 12:41:11 PDT 2015","Sat Oct 31 12:42:35 PDT 2015","Tue Nov 03 11:42:35 PST 2015","Sat Oct 31 15:50:35 PDT 2015","","","84","100% (1/1)","100% (1/1)","100% (1/1)","Question Answering Rating","3","2","4","4","4"
"34OWYT6U3VGFT9MV3FT52EPAQ5MI9Q","3SICSBU6ZYL84ST5A65C2GIMFQT0PD","New Game Rating Scheme","Answer 5 questions about the rating system of a new game.","survey, demographics, game, rating, short, easy","$0.25","Sat Oct 31 11:35:09 PDT 2015","10","BatchId:2143885;","3600","259200","Tue Nov 03 10:35:09 PST 2015","","","38SKSKU7R1XCHULYIE1XW7CPF3NLIH","A301GNFG8W711Q","Approved","Sat Oct 31 11:38:39 PDT 2015","Sat Oct 31 11:39:22 PDT 2015","Tue Nov 03 10:39:22 PST 2015","Sat Oct 31 15:50:35 PDT 2015","","","43","100% (10/10)","100% (10/10)","100% (10/10)","Question Answering Rating","4","3","4","5","4"
"34OWYT6U3VGFT9MV3FT52EPAQ5MI9Q","3SICSBU6ZYL84ST5A65C2GIMFQT0PD","New Game Rating Scheme","Answer 5 questions about the rating system of a new game.","survey, demographics, game, rating, short, easy","$0.25","Sat Oct 31 11:35:09 PDT 2015","10","BatchId:2143885;","3600","259200","Tue Nov 03 10:35:09 PST 2015","","","39U1BHVTDLRLA4BK6KW1ESKHQYF3T5","A2HM35CWB7IIFM","Approved","Sat Oct 31 12:23:48 PDT 2015","Sat Oct 31 12:24:12 PDT 2015","Tue Nov 03 11:24:12 PST 2015","Sat Oct 31 15:50:35 PDT 2015","","","24","100% (5/5)","100% (5/5)","100% (5/5)","Question Answering Rating","5","2","4","4","4"
"34OWYT6U3VGFT9MV3FT52EPAQ5MI9Q","3SICSBU6ZYL84ST5A65C2GIMFQT0PD","New Game Rating Scheme","Answer 5 questions about the rating system of a new game.","survey, demographics, game, rating, short, easy","$0.25","Sat Oct 31 11:35:09 PDT 2015","10","BatchId:2143885;","3600","259200","Tue Nov 03 10:35:09 PST 2015","","","3D8YOU6S9EKZ70DRPRK9QRI3J3O6U5","A1VKHE5L6QVFUV","Approved","Sat Oct 31 12:26:54 PDT 2015","Sat Oct 31 12:27:22 PDT 2015","Tue Nov 03 11:27:22 PST 2015","Sat Oct 31 15:50:35 PDT 2015","","","28","100% (3/3)","100% (3/3)","100% (3/3)","Question Answering Rating","3","2","4","4","4"
"34OWYT6U3VGFT9MV3FT52EPAQ5MI9Q","3SICSBU6ZYL84ST5A65C2GIMFQT0PD","New Game Rating Scheme","Answer 5 questions about the rating system of a new game.","survey, demographics, game, rating, short, easy","$0.25","Sat Oct 31 11:35:09 PDT 2015","10","BatchId:2143885;","3600","259200","Tue Nov 03 10:35:09 PST 2015","","","3FDJT1UU748PL081QU62SYV5LHC5KO","A1GKEEI844CEKI","Approved","Sat Oct 31 11:40:55 PDT 2015","Sat Oct 31 11:41:16 PDT 2015","Tue Nov 03 10:41:16 PST 2015","Sat Oct 31 15:50:36 PDT 2015","","","21","100% (10/10)","100% (10/10)","100% (10/10)","Question Answering Rating","2","2","5","5","5"
"34OWYT6U3VGFT9MV3FT52EPAQ5MI9Q","3SICSBU6ZYL84ST5A65C2GIMFQT0PD","New Game Rating Scheme","Answer 5 questions about the rating system of a new game.","survey, demographics, game, rating, short, easy","$0.25","Sat Oct 31 11:35:09 PDT 2015","10","BatchId:2143885;","3600","259200","Tue Nov 03 10:35:09 PST 2015","","","3GLB5JMZFXVFNRRBF936SIR4RHTDG1","A38DC3BG1ZCVZ2","Approved","Sat Oct 31 11:36:05 PDT 2015","Sat Oct 31 11:48:20 PDT 2015","Tue Nov 03 10:48:20 PST 2015","Sat Oct 31 15:50:36 PDT 2015","","","735","100% (10/10)","100% (10/10)","100% (10/10)","Question Answering Rating","4","2","4","4","2"
"34OWYT6U3VGFT9MV3FT52EPAQ5MI9Q","3SICSBU6ZYL84ST5A65C2GIMFQT0PD","New Game Rating Scheme","Answer 5 questions about the rating system of a new game.","survey, demographics, game, rating, short, easy","$0.25","Sat Oct 31 11:35:09 PDT 2015","10","BatchId:2143885;","3600","259200","Tue Nov 03 10:35:09 PST 2015","","","3GS6S824SQXK6P8OJ8LRAQPMZ9NNWU","A2WQ3ZGXUF5FHO","Approved","Sat Oct 31 12:18:57 PDT 2015","Sat Oct 31 12:27:22 PDT 2015","Tue Nov 03 11:27:22 PST 2015","Sat Oct 31 15:50:36 PDT 2015","","","505","100% (10/10)","100% (10/10)","100% (10/10)","Question Answering Rating","3","2","5","5","5"
"34OWYT6U3VGFT9MV3FT52EPAQ5MI9Q","3SICSBU6ZYL84ST5A65C2GIMFQT0PD","New Game Rating Scheme","Answer 5 questions about the rating system of a new game.","survey, demographics, game, rating, short, easy","$0.25","Sat Oct 31 11:35:09 PDT 2015","10","BatchId:2143885;","3600","259200","Tue Nov 03 10:35:09 PST 2015","","","3NJM2BJS4W6BVCEWIWYI2LNE786CP6","A1NM7ZPZ3NH412","Approved","Sat Oct 31 12:09:33 PDT 2015","Sat Oct 31 12:12:36 PDT 2015","Tue Nov 03 11:12:36 PST 2015","Sat Oct 31 15:50:36 PDT 2015","","","183","100% (10/10)","100% (10/10)","100% (10/10)","Question Answering Rating","3","3","4","4","3"
"34OWYT6U3VGFT9MV3FT52EPAQ5MI9Q","3SICSBU6ZYL84ST5A65C2GIMFQT0PD","New Game Rating Scheme","Answer 5 questions about the rating system of a new game.","survey, demographics, game, rating, short, easy","$0.25","Sat Oct 31 11:35:09 PDT 2015","10","BatchId:2143885;","3600","259200","Tue Nov 03 10:35:09 PST 2015","","","3NL0RFNU0FN7PH41CPNSN6PRLLHK4Y","A2B8HPIZDKYKDR","Approved","Sat Oct 31 11:53:40 PDT 2015","Sat Oct 31 11:54:07 PDT 2015","Tue Nov 03 10:54:07 PST 2015","Sat Oct 31 15:50:36 PDT 2015","","","27","100% (10/10)","100% (10/10)","100% (10/10)","Question Answering Rating","3","2","3","3","2"
"34OWYT6U3VGFT9MV3FT52EPAQ5MI9Q","3SICSBU6ZYL84ST5A65C2GIMFQT0PD","New Game Rating Scheme","Answer 5 questions about the rating system of a new game.","survey, demographics, game, rating, short, easy","$0.25","Sat Oct 31 11:35:09 PDT 2015","10","BatchId:2143885;","3600","259200","Tue Nov 03 10:35:09 PST 2015","","","3VJ40NV2QINAWT46PIGT2VISLP8OTI","A9IGTAK087DB9","Approved","Sat Oct 31 11:44:44 PDT 2015","Sat Oct 31 11:45:29 PDT 2015","Tue Nov 03 10:45:29 PST 2015","Sat Oct 31 15:50:36 PDT 2015","","","45","100% (1/1)","100% (1/1)","100% (1/1)","Question Answering Rating","4","2","4","4","4"
"302OLP89DY62LPA03BBJN62ZJIKACV","3SICSBU6ZYL84ST5A65C2GIMFQT0PD","New Game Rating Scheme","Answer 5 questions about the rating system of a new game.","survey, demographics, game, rating, short, easy","$0.25","Sat Oct 31 11:35:09 PDT 2015","10","BatchId:2143885;","3600","259200","Tue Nov 03 10:35:09 PST 2015","","","31N2WW6R9RQBRZTJB0RCXO5GZP53FV","AXZOTBEGBF5DV","Approved","Sat Oct 31 11:53:52 PDT 2015","Sat Oct 31 11:54:36 PDT 2015","Tue Nov 03 10:54:36 PST 2015","Sat Oct 31 15:50:31 PDT 2015","","","44","100% (1/1)","100% (1/1)","100% (1/1)","Perception Rating","2","2","2","5","2"
"302OLP89DY62LPA03BBJN62ZJIKACV","3SICSBU6ZYL84ST5A65C2GIMFQT0PD","New Game Rating Scheme","Answer 5 questions about the rating system of a new game.","survey, demographics, game, rating, short, easy","$0.25","Sat Oct 31 11:35:09 PDT 2015","10","BatchId:2143885;","3600","259200","Tue Nov 03 10:35:09 PST 2015","","","32KTQ2V7RDF3CBAGEWWZJRSBWIS9MQ","A3B58QWMTBXVE0","Approved","Sat Oct 31 12:06:30 PDT 2015","Sat Oct 31 12:07:19 PDT 2015","Tue Nov 03 11:07:19 PST 2015","Sat Oct 31 15:50:31 PDT 2015","","","49","100% (1/1)","100% (1/1)","100% (1/1)","Perception Rating","3","2","4","5","2"
"302OLP89DY62LPA03BBJN62ZJIKACV","3SICSBU6ZYL84ST5A65C2GIMFQT0PD","New Game Rating Scheme","Answer 5 questions about the rating system of a new game.","survey, demographics, game, rating, short, easy","$0.25","Sat Oct 31 11:35:09 PDT 2015","10","BatchId:2143885;","3600","259200","Tue Nov 03 10:35:09 PST 2015","","","39LNWE0K4UWF0K8SRSTYNU88SUGIU8","A38DC3BG1ZCVZ2","Approved","Sat Oct 31 11:36:18 PDT 2015","Sat Oct 31 11:49:24 PDT 2015","Tue Nov 03 10:49:24 PST 2015","Sat Oct 31 15:50:31 PDT 2015","","","786","100% (10/10)","100% (10/10)","100% (10/10)","Perception Rating","2","2","2","2","4"
"302OLP89DY62LPA03BBJN62ZJIKACV","3SICSBU6ZYL84ST5A65C2GIMFQT0PD","New Game Rating Scheme","Answer 5 questions about the rating system of a new game.","survey, demographics, game, rating, short, easy","$0.25","Sat Oct 31 11:35:09 PDT 2015","10","BatchId:2143885;","3600","259200","Tue Nov 03 10:35:09 PST 2015","","","3CP1TO84PT1U4K4B1O0YS29B4HS524","A2WQ3ZGXUF5FHO","Approved","Sat Oct 31 12:17:37 PDT 2015","Sat Oct 31 12:18:34 PDT 2015","Tue Nov 03 11:18:34 PST 2015","Sat Oct 31 15:50:31 PDT 2015","","","57","100% (10/10)","100% (10/10)","100% (10/10)","Perception Rating","3","2","4","4","3"
"302OLP89DY62LPA03BBJN62ZJIKACV","3SICSBU6ZYL84ST5A65C2GIMFQT0PD","New Game Rating Scheme","Answer 5 questions about the rating system of a new game.","survey, demographics, game, rating, short, easy","$0.25","Sat Oct 31 11:35:09 PDT 2015","10","BatchId:2143885;","3600","259200","Tue Nov 03 10:35:09 PST 2015","","","3GLB5JMZFXVFNRRBF936SIR4RHUDG2","A2B8HPIZDKYKDR","Approved","Sat Oct 31 11:55:36 PDT 2015","Sat Oct 31 11:55:49 PDT 2015","Tue Nov 03 10:55:49 PST 2015","Sat Oct 31 15:50:31 PDT 2015","","","13","100% (10/10)","100% (10/10)","100% (10/10)","Perception Rating","4","2","4","4","4"
"302OLP89DY62LPA03BBJN62ZJIKACV","3SICSBU6ZYL84ST5A65C2GIMFQT0PD","New Game Rating Scheme","Answer 5 questions about the rating system of a new game.","survey, demographics, game, rating, short, easy","$0.25","Sat Oct 31 11:35:09 PDT 2015","10","BatchId:2143885;","3600","259200","Tue Nov 03 10:35:09 PST 2015","","","3IKZ72A5B4GIV3MTTJBR623M46XNFW","A1NM7ZPZ3NH412","Approved","Sat Oct 31 12:09:33 PDT 2015","Sat Oct 31 12:12:21 PDT 2015","Tue Nov 03 11:12:21 PST 2015","Sat Oct 31 15:50:32 PDT 2015","","","168","100% (10/10)","100% (10/10)","100% (10/10)","Perception Rating","4","3","4","4","3"
"302OLP89DY62LPA03BBJN62ZJIKACV","3SICSBU6ZYL84ST5A65C2GIMFQT0PD","New Game Rating Scheme","Answer 5 questions about the rating system of a new game.","survey, demographics, game, rating, short, easy","$0.25","Sat Oct 31 11:35:09 PDT 2015","10","BatchId:2143885;","3600","259200","Tue Nov 03 10:35:09 PST 2015","","","3JMSRU9HQIU3XUV60ZDCY1CZE8JEVL","A301GNFG8W711Q","Approved","Sat Oct 31 11:40:19 PDT 2015","Sat Oct 31 11:41:21 PDT 2015","Tue Nov 03 10:41:21 PST 2015","Sat Oct 31 15:50:32 PDT 2015","","","62","100% (10/10)","100% (10/10)","100% (10/10)","Perception Rating","4","2","4","4","4"
"302OLP89DY62LPA03BBJN62ZJIKACV","3SICSBU6ZYL84ST5A65C2GIMFQT0PD","New Game Rating Scheme","Answer 5 questions about the rating system of a new game.","survey, demographics, game, rating, short, easy","$0.25","Sat Oct 31 11:35:09 PDT 2015","10","BatchId:2143885;","3600","259200","Tue Nov 03 10:35:09 PST 2015","","","3KYQYYSHYV73F4893SGEXR06I3NOD2","AI885RNRGVIFM","Approved","Sat Oct 31 13:05:59 PDT 2015","Sat Oct 31 13:07:03 PDT 2015","Tue Nov 03 12:07:03 PST 2015","Sat Oct 31 15:50:32 PDT 2015","","","64","100% (1/1)","100% (1/1)","100% (1/1)","Perception Rating","3","1","2","4","4"
"302OLP89DY62LPA03BBJN62ZJIKACV","3SICSBU6ZYL84ST5A65C2GIMFQT0PD","New Game Rating Scheme","Answer 5 questions about the rating system of a new game.","survey, demographics, game, rating, short, easy","$0.25","Sat Oct 31 11:35:09 PDT 2015","10","BatchId:2143885;","3600","259200","Tue Nov 03 10:35:09 PST 2015","","","3N1FSUEFL50ZBBYRK815JTU11CMD4G","A1VKHE5L6QVFUV","Approved","Sat Oct 31 12:16:53 PDT 2015","Sat Oct 31 12:17:17 PDT 2015","Tue Nov 03 11:17:17 PST 2015","Sat Oct 31 15:50:32 PDT 2015","","","24","100% (3/3)","100% (3/3)","100% (3/3)","Perception Rating","2","2","4","4","2"
"302OLP89DY62LPA03BBJN62ZJIKACV","3SICSBU6ZYL84ST5A65C2GIMFQT0PD","New Game Rating Scheme","Answer 5 questions about the rating system of a new game.","survey, demographics, game, rating, short, easy","$0.25","Sat Oct 31 11:35:09 PDT 2015","10","BatchId:2143885;","3600","259200","Tue Nov 03 10:35:09 PST 2015","","","3ON104KXQKWYKHYI136VBHJM8SR4WF","A1GKEEI844CEKI","Approved","Sat Oct 31 11:41:17 PDT 2015","Sat Oct 31 11:41:38 PDT 2015","Tue Nov 03 10:41:38 PST 2015","Sat Oct 31 15:50:32 PDT 2015","","","21","100% (10/10)","100% (10/10)","100% (10/10)","Perception Rating","2","2","4","2","2"
"3ICOHX7ENBALHAWW70KLOOQPV8ME02","3SICSBU6ZYL84ST5A65C2GIMFQT0PD","New Game Rating Scheme","Answer 5 questions about the rating system of a new game.","survey, demographics, game, rating, short, easy","$0.25","Sat Oct 31 11:35:09 PDT 2015","10","BatchId:2143885;","3600","259200","Tue Nov 03 10:35:09 PST 2015","","","30BUDKLTXDVMZ0GRU8VZU3I01KI5E6","A2A07J1P6YEW6Z","Approved","Sat Oct 31 12:20:27 PDT 2015","Sat Oct 31 12:21:06 PDT 2015","Tue Nov 03 11:21:06 PST 2015","Sat Oct 31 15:50:40 PDT 2015","","","39","100% (1/1)","100% (1/1)","100% (1/1)","Awareness Rating","3","2","4","4","2"
"3ICOHX7ENBALHAWW70KLOOQPV8ME02","3SICSBU6ZYL84ST5A65C2GIMFQT0PD","New Game Rating Scheme","Answer 5 questions about the rating system of a new game.","survey, demographics, game, rating, short, easy","$0.25","Sat Oct 31 11:35:09 PDT 2015","10","BatchId:2143885;","3600","259200","Tue Nov 03 10:35:09 PST 2015","","","34S9DKFK73POVU3OY93FVNA2AHNNYT","A2WQ3ZGXUF5FHO","Approved","Sat Oct 31 12:19:04 PDT 2015","Sat Oct 31 12:32:13 PDT 2015","Tue Nov 03 11:32:13 PST 2015","Sat Oct 31 15:50:40 PDT 2015","","","789","100% (10/10)","100% (10/10)","100% (10/10)","Awareness Rating","3","2","5","5","3"
"3ICOHX7ENBALHAWW70KLOOQPV8ME02","3SICSBU6ZYL84ST5A65C2GIMFQT0PD","New Game Rating Scheme","Answer 5 questions about the rating system of a new game.","survey, demographics, game, rating, short, easy","$0.25","Sat Oct 31 11:35:09 PDT 2015","10","BatchId:2143885;","3600","259200","Tue Nov 03 10:35:09 PST 2015","","","358010RM5ETC3UMNV434MQX6UETVXA","A38DC3BG1ZCVZ2","Approved","Sat Oct 31 11:36:21 PDT 2015","Sat Oct 31 11:51:05 PDT 2015","Tue Nov 03 10:51:05 PST 2015","Sat Oct 31 15:50:41 PDT 2015","","","884","100% (10/10)","100% (10/10)","100% (10/10)","Awareness Rating","4","2","4","4","4"
"3ICOHX7ENBALHAWW70KLOOQPV8ME02","3SICSBU6ZYL84ST5A65C2GIMFQT0PD","New Game Rating Scheme","Answer 5 questions about the rating system of a new game.","survey, demographics, game, rating, short, easy","$0.25","Sat Oct 31 11:35:09 PDT 2015","10","BatchId:2143885;","3600","259200","Tue Nov 03 10:35:09 PST 2015","","","3HL8HNGX451X61IZS9SMO182ZHF9FI","A301GNFG8W711Q","Approved","Sat Oct 31 11:37:48 PDT 2015","Sat Oct 31 11:38:31 PDT 2015","Tue Nov 03 10:38:31 PST 2015","Sat Oct 31 15:50:41 PDT 2015","","","43","100% (10/10)","100% (10/10)","100% (10/10)","Awareness Rating","4","3","4","4","2"
"3ICOHX7ENBALHAWW70KLOOQPV8ME02","3SICSBU6ZYL84ST5A65C2GIMFQT0PD","New Game Rating Scheme","Answer 5 questions about the rating system of a new game.","survey, demographics, game, rating, short, easy","$0.25","Sat Oct 31 11:35:09 PDT 2015","10","BatchId:2143885;","3600","259200","Tue Nov 03 10:35:09 PST 2015","","","3LPW2N6LKT23OWDDK8A4YL43N8AU5A","A1GKEEI844CEKI","Approved","Sat Oct 31 11:42:01 PDT 2015","Sat Oct 31 11:42:17 PDT 2015","Tue Nov 03 10:42:17 PST 2015","Sat Oct 31 15:50:41 PDT 2015","","","16","100% (10/10)","100% (10/10)","100% (10/10)","Awareness Rating","2","2","4","4","4"
"3ICOHX7ENBALHAWW70KLOOQPV8ME02","3SICSBU6ZYL84ST5A65C2GIMFQT0PD","New Game Rating Scheme","Answer 5 questions about the rating system of a new game.","survey, demographics, game, rating, short, easy","$0.25","Sat Oct 31 11:35:09 PDT 2015","10","BatchId:2143885;","3600","259200","Tue Nov 03 10:35:09 PST 2015","","","3NXNZ5RS1AXKR83TAQUA09VL1T179H","ARLSOH5YMGJGN","Approved","Sat Oct 31 14:14:13 PDT 2015","Sat Oct 31 14:15:24 PDT 2015","Tue Nov 03 13:15:24 PST 2015","Sat Oct 31 15:50:41 PDT 2015","","","71","100% (1/1)","100% (1/1)","100% (1/1)","Awareness Rating","3","2","5","4","3"
"3ICOHX7ENBALHAWW70KLOOQPV8ME02","3SICSBU6ZYL84ST5A65C2GIMFQT0PD","New Game Rating Scheme","Answer 5 questions about the rating system of a new game.","survey, demographics, game, rating, short, easy","$0.25","Sat Oct 31 11:35:09 PDT 2015","10","BatchId:2143885;","3600","259200","Tue Nov 03 10:35:09 PST 2015","","","3TOK3KHVJTINYV7ZCFDSXZQAWSJO78","A2HM35CWB7IIFM","Approved","Sat Oct 31 12:22:41 PDT 2015","Sat Oct 31 12:23:19 PDT 2015","Tue Nov 03 11:23:19 PST 2015","Sat Oct 31 15:50:41 PDT 2015","","","38","100% (5/5)","100% (5/5)","100% (5/5)","Awareness Rating","5","2","4","4","4"
"3ICOHX7ENBALHAWW70KLOOQPV8ME02","3SICSBU6ZYL84ST5A65C2GIMFQT0PD","New Game Rating Scheme","Answer 5 questions about the rating system of a new game.","survey, demographics, game, rating, short, easy","$0.25","Sat Oct 31 11:35:09 PDT 2015","10","BatchId:2143885;","3600","259200","Tue Nov 03 10:35:09 PST 2015","","","3VD82FOHKQOTAC2V3WL3DLIOX3ACOP","A1NM7ZPZ3NH412","Approved","Sat Oct 31 12:09:32 PDT 2015","Sat Oct 31 12:11:37 PDT 2015","Tue Nov 03 11:11:37 PST 2015","Sat Oct 31 15:50:41 PDT 2015","","","125","100% (10/10)","100% (10/10)","100% (10/10)","Awareness Rating","4","2","4","4","2"
"3ICOHX7ENBALHAWW70KLOOQPV8ME02","3SICSBU6ZYL84ST5A65C2GIMFQT0PD","New Game Rating Scheme","Answer 5 questions about the rating system of a new game.","survey, demographics, game, rating, short, easy","$0.25","Sat Oct 31 11:35:09 PDT 2015","10","BatchId:2143885;","3600","259200","Tue Nov 03 10:35:09 PST 2015","","","3XLBSAQ9Z4CZXZL6EOO9DXXEGWM7ZT","A3NSX46VYD9J49","Approved","Sat Oct 31 12:16:31 PDT 2015","Sat Oct 31 12:17:43 PDT 2015","Tue Nov 03 11:17:43 PST 2015","Sat Oct 31 15:50:41 PDT 2015","","","72","100% (1/1)","100% (1/1)","100% (1/1)","Awareness Rating","4","2","5","4","4"
"3ICOHX7ENBALHAWW70KLOOQPV8ME02","3SICSBU6ZYL84ST5A65C2GIMFQT0PD","New Game Rating Scheme","Answer 5 questions about the rating system of a new game.","survey, demographics, game, rating, short, easy","$0.25","Sat Oct 31 11:35:09 PDT 2015","10","BatchId:2143885;","3600","259200","Tue Nov 03 10:35:09 PST 2015","","","3ZSANO2JCF7FBGEY1FSD5WDSR54FSZ","A2B8HPIZDKYKDR","Approved","Sat Oct 31 11:52:46 PDT 2015","Sat Oct 31 11:53:13 PDT 2015","Tue Nov 03 10:53:13 PST 2015","Sat Oct 31 15:50:41 PDT 2015","","","27","100% (10/10)","100% (10/10)","100% (10/10)","Awareness Rating","4","1","5","4","4"
"37NXA7GVSS5FGH74RJVEMC6ZY1ZVLX","3SICSBU6ZYL84ST5A65C2GIMFQT0PD","New Game Rating Scheme","Answer 5 questions about the rating system of a new game.","survey, demographics, game, rating, short, easy","$0.25","Sat Oct 31 11:35:09 PDT 2015","10","BatchId:2143885;","3600","259200","Tue Nov 03 10:35:09 PST 2015","","","36H9ULYP62UMCDV8ELJZDVM5VMQJFM","A301GNFG8W711Q","Approved","Sat Oct 31 11:43:56 PDT 2015","Sat Oct 31 11:44:30 PDT 2015","Tue Nov 03 10:44:30 PST 2015","Sat Oct 31 15:50:36 PDT 2015","","","34","100% (10/10)","100% (10/10)","100% (10/10)","Cleverness Rating","4","2","4","4","4"
"37NXA7GVSS5FGH74RJVEMC6ZY1ZVLX","3SICSBU6ZYL84ST5A65C2GIMFQT0PD","New Game Rating Scheme","Answer 5 questions about the rating system of a new game.","survey, demographics, game, rating, short, easy","$0.25","Sat Oct 31 11:35:09 PDT 2015","10","BatchId:2143885;","3600","259200","Tue Nov 03 10:35:09 PST 2015","","","3EJPLAJKEMGGTZ71VEJH7JXILL2Z6M","A2WQ3ZGXUF5FHO","Approved","Sat Oct 31 12:40:11 PDT 2015","Sat Oct 31 13:16:27 PDT 2015","Tue Nov 03 12:16:27 PST 2015","Sat Oct 31 15:50:37 PDT 2015","","","2176","100% (10/10)","100% (10/10)","100% (10/10)","Cleverness Rating","3","1","5","5","4"
"37NXA7GVSS5FGH74RJVEMC6ZY1ZVLX","3SICSBU6ZYL84ST5A65C2GIMFQT0PD","New Game Rating Scheme","Answer 5 questions about the rating system of a new game.","survey, demographics, game, rating, short, easy","$0.25","Sat Oct 31 11:35:09 PDT 2015","10","BatchId:2143885;","3600","259200","Tue Nov 03 10:35:09 PST 2015","","","3FTYUGLFSULH7U2RYDKFOL0F18F5DB","A1GKEEI844CEKI","Approved","Sat Oct 31 11:39:21 PDT 2015","Sat Oct 31 11:39:46 PDT 2015","Tue Nov 03 10:39:46 PST 2015","Sat Oct 31 15:50:37 PDT 2015","","","25","100% (10/10)","100% (10/10)","100% (10/10)","Cleverness Rating","2","2","5","5","4"
"37NXA7GVSS5FGH74RJVEMC6ZY1ZVLX","3SICSBU6ZYL84ST5A65C2GIMFQT0PD","New Game Rating Scheme","Answer 5 questions about the rating system of a new game.","survey, demographics, game, rating, short, easy","$0.25","Sat Oct 31 11:35:09 PDT 2015","10","BatchId:2143885;","3600","259200","Tue Nov 03 10:35:09 PST 2015","","","3GM6G9ZBKNXMWQJUC21GARTNQPTTM8","A3V5IIPZ95YVKH","Approved","Sat Oct 31 11:37:48 PDT 2015","Sat Oct 31 11:39:07 PDT 2015","Tue Nov 03 10:39:07 PST 2015","Sat Oct 31 15:50:37 PDT 2015","","","79","100% (1/1)","100% (1/1)","100% (1/1)","Cleverness Rating","1","2","4","4","2"
"37NXA7GVSS5FGH74RJVEMC6ZY1ZVLX","3SICSBU6ZYL84ST5A65C2GIMFQT0PD","New Game Rating Scheme","Answer 5 questions about the rating system of a new game.","survey, demographics, game, rating, short, easy","$0.25","Sat Oct 31 11:35:09 PDT 2015","10","BatchId:2143885;","3600","259200","Tue Nov 03 10:35:09 PST 2015","","","3HWRJOOET52N52E26487NESSF4PESG","A3KX8PBHVFQZ3U","Approved","Sat Oct 31 11:39:14 PDT 2015","Sat Oct 31 11:40:02 PDT 2015","Tue Nov 03 10:40:02 PST 2015","Sat Oct 31 15:50:37 PDT 2015","","","48","100% (1/1)","100% (1/1)","100% (1/1)","Cleverness Rating","3","2","4","4","4"
"37NXA7GVSS5FGH74RJVEMC6ZY1ZVLX","3SICSBU6ZYL84ST5A65C2GIMFQT0PD","New Game Rating Scheme","Answer 5 questions about the rating system of a new game.","survey, demographics, game, rating, short, easy","$0.25","Sat Oct 31 11:35:09 PDT 2015","10","BatchId:2143885;","3600","259200","Tue Nov 03 10:35:09 PST 2015","","","3IXQG4FA2TY7TK6JN76Q5BHHKJN9B0","A38DC3BG1ZCVZ2","Approved","Sat Oct 31 11:36:36 PDT 2015","Sat Oct 31 11:56:07 PDT 2015","Tue Nov 03 10:56:07 PST 2015","Sat Oct 31 15:50:37 PDT 2015","","","1171","100% (10/10)","100% (10/10)","100% (10/10)","Cleverness Rating","4","2","4","4","4"
"37NXA7GVSS5FGH74RJVEMC6ZY1ZVLX","3SICSBU6ZYL84ST5A65C2GIMFQT0PD","New Game Rating Scheme","Answer 5 questions about the rating system of a new game.","survey, demographics, game, rating, short, easy","$0.25","Sat Oct 31 11:35:09 PDT 2015","10","BatchId:2143885;","3600","259200","Tue Nov 03 10:35:09 PST 2015","","","3LUY3GC63Z05JVJ0RFQ7MZV06XEP7P","A1NM7ZPZ3NH412","Approved","Sat Oct 31 12:09:08 PDT 2015","Sat Oct 31 12:09:27 PDT 2015","Tue Nov 03 11:09:27 PST 2015","Sat Oct 31 15:50:37 PDT 2015","","","19","100% (10/10)","100% (10/10)","100% (10/10)","Cleverness Rating","4","2","4","4","3"
"37NXA7GVSS5FGH74RJVEMC6ZY1ZVLX","3SICSBU6ZYL84ST5A65C2GIMFQT0PD","New Game Rating Scheme","Answer 5 questions about the rating system of a new game.","survey, demographics, game, rating, short, easy","$0.25","Sat Oct 31 11:35:09 PDT 2015","10","BatchId:2143885;","3600","259200","Tue Nov 03 10:35:09 PST 2015","","","3QECW5O0KH1OOJYOK3KUTPI14U35TU","A1SWAG6ZP6SNNW","Approved","Sat Oct 31 11:42:18 PDT 2015","Sat Oct 31 11:43:38 PDT 2015","Tue Nov 03 10:43:38 PST 2015","Sat Oct 31 15:50:37 PDT 2015","","","80","100% (1/1)","100% (1/1)","100% (1/1)","Cleverness Rating","3","1","4","2","4"
"37NXA7GVSS5FGH74RJVEMC6ZY1ZVLX","3SICSBU6ZYL84ST5A65C2GIMFQT0PD","New Game Rating Scheme","Answer 5 questions about the rating system of a new game.","survey, demographics, game, rating, short, easy","$0.25","Sat Oct 31 11:35:09 PDT 2015","10","BatchId:2143885;","3600","259200","Tue Nov 03 10:35:09 PST 2015","","","3VHHR074H3HFSA42ZNX05IMG1ND7L9","AU5Y7J1PF0UIT","Approved","Sat Oct 31 11:46:25 PDT 2015","Sat Oct 31 11:47:08 PDT 2015","Tue Nov 03 10:47:08 PST 2015","Sat Oct 31 15:50:37 PDT 2015","","","43","100% (1/1)","100% (1/1)","100% (1/1)","Cleverness Rating","4","2","5","4","2"
"37NXA7GVSS5FGH74RJVEMC6ZY1ZVLX","3SICSBU6ZYL84ST5A65C2GIMFQT0PD","New Game Rating Scheme","Answer 5 questions about the rating system of a new game.","survey, demographics, game, rating, short, easy","$0.25","Sat Oct 31 11:35:09 PDT 2015","10","BatchId:2143885;","3600","259200","Tue Nov 03 10:35:09 PST 2015","","","3WQQ9FUS6AU7FFN9IF0C5FM60D58BA","A2B8HPIZDKYKDR","Approved","Sat Oct 31 11:54:39 PDT 2015","Sat Oct 31 11:54:52 PDT 2015","Tue Nov 03 10:54:52 PST 2015","Sat Oct 31 15:50:38 PDT 2015","","","13","100% (10/10)","100% (10/10)","100% (10/10)","Cleverness Rating","4","1","4","5","4"
"3EKTG13IZT2WQUDVDRUNZGNM78NLM6","3SICSBU6ZYL84ST5A65C2GIMFQT0PD","New Game Rating Scheme","Answer 5 questions about the rating system of a new game.","survey, demographics, game, rating, short, easy","$0.25","Sat Oct 31 11:35:09 PDT 2015","10","BatchId:2143885;","3600","259200","Tue Nov 03 10:35:09 PST 2015","","","3300DTYQT2HBSMZPE0J2SEDRXG5EQS","A2WQ3ZGXUF5FHO","Approved","Sat Oct 31 12:40:13 PDT 2015","Sat Oct 31 13:18:34 PDT 2015","Tue Nov 03 12:18:34 PST 2015","Sat Oct 31 15:50:39 PDT 2015","","","2301","100% (10/10)","100% (10/10)","100% (10/10)","Smarts Rating","3","2","5","4","4"
"3EKTG13IZT2WQUDVDRUNZGNM78NLM6","3SICSBU6ZYL84ST5A65C2GIMFQT0PD","New Game Rating Scheme","Answer 5 questions about the rating system of a new game.","survey, demographics, game, rating, short, easy","$0.25","Sat Oct 31 11:35:09 PDT 2015","10","BatchId:2143885;","3600","259200","Tue Nov 03 10:35:09 PST 2015","","","33M4IA01QG1KAN56MKYULT8398GXRJ","A2B8HPIZDKYKDR","Approved","Sat Oct 31 11:55:07 PDT 2015","Sat Oct 31 11:55:18 PDT 2015","Tue Nov 03 10:55:18 PST 2015","Sat Oct 31 15:50:39 PDT 2015","","","11","100% (10/10)","100% (10/10)","100% (10/10)","Smarts Rating","5","1","4","4","5"
"3EKTG13IZT2WQUDVDRUNZGNM78NLM6","3SICSBU6ZYL84ST5A65C2GIMFQT0PD","New Game Rating Scheme","Answer 5 questions about the rating system of a new game.","survey, demographics, game, rating, short, easy","$0.25","Sat Oct 31 11:35:09 PDT 2015","10","BatchId:2143885;","3600","259200","Tue Nov 03 10:35:09 PST 2015","","","37TRT2X24QRWZWJS9JX3U5VKGOYBJW","A2UVEVCYVC553J","Approved","Sat Oct 31 11:40:43 PDT 2015","Sat Oct 31 11:41:14 PDT 2015","Tue Nov 03 10:41:14 PST 2015","Sat Oct 31 15:50:39 PDT 2015","","","31","100% (1/1)","100% (1/1)","100% (1/1)","Smarts Rating","4","4","4","4","5"
"3EKTG13IZT2WQUDVDRUNZGNM78NLM6","3SICSBU6ZYL84ST5A65C2GIMFQT0PD","New Game Rating Scheme","Answer 5 questions about the rating system of a new game.","survey, demographics, game, rating, short, easy","$0.25","Sat Oct 31 11:35:09 PDT 2015","10","BatchId:2143885;","3600","259200","Tue Nov 03 10:35:09 PST 2015","","","39GAF6DQWR04DT1UOBIXRHT5PZF1VP","A1GKEEI844CEKI","Approved","Sat Oct 31 11:40:30 PDT 2015","Sat Oct 31 11:40:55 PDT 2015","Tue Nov 03 10:40:55 PST 2015","Sat Oct 31 15:50:39 PDT 2015","","","25","100% (10/10)","100% (10/10)","100% (10/10)","Smarts Rating","2","2","5","5","4"
"3EKTG13IZT2WQUDVDRUNZGNM78NLM6","3SICSBU6ZYL84ST5A65C2GIMFQT0PD","New Game Rating Scheme","Answer 5 questions about the rating system of a new game.","survey, demographics, game, rating, short, easy","$0.25","Sat Oct 31 11:35:09 PDT 2015","10","BatchId:2143885;","3600","259200","Tue Nov 03 10:35:09 PST 2015","","","3BF51CHDTVAZO3LSN3XTYBJMCSX0HU","A301GNFG8W711Q","Approved","Sat Oct 31 11:35:36 PDT 2015","Sat Oct 31 11:36:44 PDT 2015","Tue Nov 03 10:36:44 PST 2015","Sat Oct 31 15:50:40 PDT 2015","","","68","100% (10/10)","100% (10/10)","100% (10/10)","Smarts Rating","4","3","4","4","4"
"3EKTG13IZT2WQUDVDRUNZGNM78NLM6","3SICSBU6ZYL84ST5A65C2GIMFQT0PD","New Game Rating Scheme","Answer 5 questions about the rating system of a new game.","survey, demographics, game, rating, short, easy","$0.25","Sat Oct 31 11:35:09 PDT 2015","10","BatchId:2143885;","3600","259200","Tue Nov 03 10:35:09 PST 2015","","","3FIUS151DV2IZB12HZ4EY3U1499GGE","A38DC3BG1ZCVZ2","Approved","Sat Oct 31 11:36:31 PDT 2015","Sat Oct 31 11:55:01 PDT 2015","Tue Nov 03 10:55:01 PST 2015","Sat Oct 31 15:50:40 PDT 2015","","","1110","100% (10/10)","100% (10/10)","100% (10/10)","Smarts Rating","2","2","4","4","4"
"3EKTG13IZT2WQUDVDRUNZGNM78NLM6","3SICSBU6ZYL84ST5A65C2GIMFQT0PD","New Game Rating Scheme","Answer 5 questions about the rating system of a new game.","survey, demographics, game, rating, short, easy","$0.25","Sat Oct 31 11:35:09 PDT 2015","10","BatchId:2143885;","3600","259200","Tue Nov 03 10:35:09 PST 2015","","","3K2755HG5S399RVG4PXOAXRSQ2UFD5","AURYD2FH3FUOQ","Approved","Sat Oct 31 11:46:11 PDT 2015","Sat Oct 31 11:52:41 PDT 2015","Tue Nov 03 10:52:41 PST 2015","Sat Oct 31 15:50:40 PDT 2015","","","390","100% (1/1)","100% (1/1)","100% (1/1)","Smarts Rating","2","2","3","3","4"
"3EKTG13IZT2WQUDVDRUNZGNM78NLM6","3SICSBU6ZYL84ST5A65C2GIMFQT0PD","New Game Rating Scheme","Answer 5 questions about the rating system of a new game.","survey, demographics, game, rating, short, easy","$0.25","Sat Oct 31 11:35:09 PDT 2015","10","BatchId:2143885;","3600","259200","Tue Nov 03 10:35:09 PST 2015","","","3KXIR214I4GC810BNJHONA3X4LW42X","ARX0S1CIDJLOX","Approved","Sat Oct 31 11:35:47 PDT 2015","Sat Oct 31 11:41:48 PDT 2015","Tue Nov 03 10:41:48 PST 2015","Sat Oct 31 15:50:40 PDT 2015","","","361","100% (1/1)","100% (1/1)","100% (1/1)","Smarts Rating","4","1","5","4","4"
"3EKTG13IZT2WQUDVDRUNZGNM78NLM6","3SICSBU6ZYL84ST5A65C2GIMFQT0PD","New Game Rating Scheme","Answer 5 questions about the rating system of a new game.","survey, demographics, game, rating, short, easy","$0.25","Sat Oct 31 11:35:09 PDT 2015","10","BatchId:2143885;","3600","259200","Tue Nov 03 10:35:09 PST 2015","","","3TS1AR6UQQETSIU6DCU2A5HW4RS7F5","A1NM7ZPZ3NH412","Approved","Sat Oct 31 12:09:28 PDT 2015","Sat Oct 31 12:10:24 PDT 2015","Tue Nov 03 11:10:24 PST 2015","Sat Oct 31 15:50:40 PDT 2015","","","56","100% (10/10)","100% (10/10)","100% (10/10)","Smarts Rating","4","2","5","4","4"
"3EKTG13IZT2WQUDVDRUNZGNM78NLM6","3SICSBU6ZYL84ST5A65C2GIMFQT0PD","New Game Rating Scheme","Answer 5 questions about the rating system of a new game.","survey, demographics, game, rating, short, easy","$0.25","Sat Oct 31 11:35:09 PDT 2015","10","BatchId:2143885;","3600","259200","Tue Nov 03 10:35:09 PST 2015","","","3VNL7UK1XFJGQGRDQFX3F19ETOHTF1","ALVNMQMD3Q3ZE","Approved","Sat Oct 31 11:35:50 PDT 2015","Sat Oct 31 11:36:33 PDT 2015","Tue Nov 03 10:36:33 PST 2015","Sat Oct 31 15:50:40 PDT 2015","","","43","100% (1/1)","100% (1/1)","100% (1/1)","Smarts Rating","5","3","5","5","4"